Simulation,Simulation Mean
1,6.610299547681407
2,6.536865058355343
3,6.503955176876471
4,6.6607515466955505
5,6.508314646065995
6,6.524005327515591
7,6.4653593621713314
8,6.550733228280108
9,6.460580056648923
10,6.466639524404651

Metric,Value
Overall Mean,6.528750347469537
Standard Deviation,0.0651510874252155
Upper Bound,6.593901434894753
Lower Bound,6.4635992600443215
